row_id,status,tool_id,tool_description,tool_diameter_mm,flutes,material,operation,doc_mm,woc_mm,stepover_pct,rpm,feed_mm_min,plunge_feed_mm_min,ramp_feed_mm_min,chipload_mm,coolant,source,confidence_tier,test_log_ref,outcome,outcome_notes,last_verified
MAN-01,reference,,"Amana 46170-K (1/4in compression spiral, 2 flute, 7/8in CH)",,,Plywood,,1xD (depth of cut = 1x tool diameter = 0.25in),,,18000,2794,,55 ipm ramp-down feed rate,0.0787,,https://www.amanatool.com/pub/media/productattachments/Solid-Carbide-Spektra-Compression-Spirals-v25.pdf,manufacturer,,untested,"manufacturer general chart (not machine-specific) | 2 Flute table, 1/4in/6mm row, Plywood column: Feed Rate 110 IPM, Chip Load Per Tooth .0031in, Ramp Down 55in. Depth-of-cut footnote: 1xD = use recommended feed rate; 2xD = reduce feed rate by 25%; 3xD = reduce feed rate by 50%. Confirms the previously-reported 110/.0031/55 numbers verbatim. No separate MDF-vs-plywood split for compression first-p",2026-10-07
MAN-02,reference,,"Amana 46170-K (1/4in compression spiral, 2 flute, 7/8in CH)",,,MDF/Laminate,,1xD (0.25in),,,18000,5588,,110 ipm ramp-down,0.1549,,https://www.amanatool.com/pub/media/productattachments/Solid-Carbide-Spektra-Compression-Spirals-v25.pdf,manufacturer,,untested,"manufacturer general chart (not machine-specific) | 2 Flute table, 1/4in/6mm row, MDF/Laminate column: 220 IPM, .0061in chipload, 110in ramp down. Same depth-of-cut footnote applies (2xD -25% feed, 3xD -50% feed).",2026-10-07
MAN-03,reference,,"Amana 46170-K (1/4in compression spiral, 2 flute, 7/8in CH)",,,"Wood (solid, generic 'Wood' column)",,1xD (0.25in),,,18000,2794,,55 ipm ramp-down,0.0787,,https://www.amanatool.com/pub/media/productattachments/Solid-Carbide-Spektra-Compression-Spirals-v25.pdf,manufacturer,,untested,"manufacturer general chart (not machine-specific) | 2 Flute table, 1/4in/6mm row, 'Wood' column (not specifically hardwood vs softwood): 110 IPM, .0031in chipload, 55in ramp down. Identical to the Plywood column values for this diameter.",2026-10-07
MAN-04,reference,,"Amana 46170-K (1/4in compression spiral, 2 flute, 7/8in CH)",,,Plastic,,1xD (0.25in),,,18000,2794,,55 ipm ramp-down,0.0787,,https://www.amanatool.com/pub/media/productattachments/Solid-Carbide-Spektra-Compression-Spirals-v25.pdf,manufacturer,,untested,manufacturer general chart (not machine-specific) | Included for completeness/cross-check only; not relevant material for this project.,2026-10-07
MAN-05,reference,,"Amana compression spiral, 3-flute equivalent diameter 1/4in (e.g. 46017-K, same chart, for cross-check only, NOT the 46170-K which is 2-flute)",,,Plywood,,1xD (0.25in),,,18000,4318,,57 ipm ramp-down,0.0787,,https://www.amanatool.com/pub/media/productattachments/Solid-Carbide-Spektra-Compression-Spirals-v25.pdf,manufacturer,,untested,"manufacturer general chart (not machine-specific) | 3 Flute table, 1/4in/6mm row, Plywood column: 170 IPM, .0031in chipload, 57in ramp down. Same chipload per tooth as the 2-flute bit but higher feed because of the extra flute (feed = RPM x flutes x chipload). The 46170-K itself is confirmed 2-flute via the tool-reference list on the same PDF page, so this 3-flute row does NOT apply to it -- inclu",2026-10-07
MAN-06,reference,,Carbide 3D #201 (1/4in square endmill),,,"n/a - geometry only, no feeds/speeds found",,,,,,,,,,,https://shop.carbide3d.com/products/201-25-end-mill-cutter,manufacturer,,untested,"Shapeoko product line (Carbide 3D's own shop page) | Carbide 3D's own product page lists flute count = 3, cutting diameter 0.25in, material solid carbide, no coating, 0 deg taper. Shank diameter, cutting length (LOC), and overall length are NOT printed as numeric values on the rendered page content (fields present but blank in the fetched content) -- could not verify OAL/LOC figures from the live ",2026-10-07
MAN-07,reference,,Carbide 3D #102 (1/8in square endmill),,,"n/a - geometry only, no feeds/speeds found",,,,,,,,,,,https://shop.carbide3d.com/products/102-125-end-mill-cutter,manufacturer,,untested,"Shapeoko product line (Carbide 3D's own shop page) | Carbide 3D's own product page lists flute count = 2, flute diameter 0.125in, solid carbide, no coating, 0 deg taper, made in USA, sold 3-per-pack. This matches the task brief (1/8in square, 2 flute). Cutting length (0.5in per task brief) is NOT printed as a visible numeric spec on the fetched page content -- could not independently verify the 0.",2026-10-07
MAN-08,reference,,Carbide 3D #201 / #102 -- Carbide Create material presets / official feeds-speeds chart,,,"plywood, MDF, hardwood",,,,,,,,,,,"https://community.carbide3d.com/t/speeds-feeds-depths/64479 ; https://carbide3d.com/blog/feed-and-speeds-part-2/ ; https://docs.carbide3d.com/support/tooling/ (redirects to my.carbide3d.com, inaccessible)",manufacturer,,untested,"Shapeoko (general), Carbide Create software | Could NOT locate a verbatim, directly-read manufacturer chart with numeric RPM/feed/DOC for #201 or #102 in plywood/MDF/hardwood. Carbide 3D's own community forum ('Speeds/Feeds/Depths', 'Understanding setup of compression bit - Shapeoko 5 Pro', 'Shapeoko & Nomad Feeds & Speeds Charts') and the carbide3d.com blog ('Feed and Speeds Part 1/2' by guest au",2026-10-07
PRA-01,reference,,1/4in single-flute compression,,,Baltic birch plywood (thickness unspecified),,pass1: 0.60in DOC leaving 0.010in stock; pass2: 0.12in DOC (finishing),"full slot (pass1), finishing pass (pass2)",,22000,,,not specified,,,https://community.carbide3d.com/t/shapeoko-5-baltic-birch-feeds-and-speeds/85436,practitioner,,worked well and fast; terrible noise; finishing pass came out clean,"Shapeoko 5 Pro, user bodscheerer | 0.60in DOC on a 1/4in bit is an outlier (>2x diameter); other forum members flagged this as far above the usual ~0.5x-diameter rule of thumb. Report as posted, not verified as advisable.",2026-10-07
PRA-02,reference,,1/4in 2-flute compression,,,Baltic birch plywood (thickness unspecified),,0.60in DOC,full slot,,22000,4572,,not specified,,,https://community.carbide3d.com/t/shapeoko-5-baltic-birch-feeds-and-speeds/85436,practitioner,,bit broke partway into the pass,"Shapeoko 5 Pro, user bodscheerer | Same poster as above, different bit/pass; cause not confirmed (possibly chip evacuation or combined DOC+feed load at that depth). Pairs with the 0.60in-DOC outlier above as a failure case at that depth.",2026-10-07
PRA-03,reference,,1/4in 2-flute compression,,,Baltic birch plywood,,0.50in DOC,"full slot, roughing pass",,24000,6350,,"yes - poster states never plunge directly, always ramp",,,https://community.carbide3d.com/t/shapeoko-5-baltic-birch-feeds-and-speeds/85436,practitioner,,acceptable for roughing; explicitly not best edge finish,"Shapeoko (Pro-class), user quicky06 | Same thread as the two bodscheerer reports above.",2026-10-07
PRA-04,reference,,"Onsrud 60-102 compression, 3/8in cutting diameter",,,0.375in Baltic birch plywood,,first pass 0.225in DOC; final pass to 0.380in total depth,"full slot, two-pass (roughing + through)",,18000,1270,508,not specified,,,https://community.carbide3d.com/t/1-4-baltic-birch-feeds-and-speeds/8078,practitioner,,"no splinters, almost no sanding needed","Shapeoko, user GeerGuy | Bit is 3/8in not 1/4in - included for the two-pass compression technique and plunge/feed ratio, not a direct 1/4in data point.",2026-10-07
PRA-05,reference,,carbide-tipped single-flute straight,,,3/4in maple plywood,,not specified,not specified,,23000,1270,635,not specified,,,https://community.carbide3d.com/t/1-4-baltic-birch-feeds-and-speeds/8078,practitioner,,"""Fantastic cut""","Shapeoko, user DanoInTx | Not Baltic birch (maple ply) and not a compression bit, but same forum thread and machine family; included for the plunge/feed ratio.",2026-10-07
PRA-06,reference,,1/8in compression,,,1/2in Baltic birch plywood,,"0.168in DOC per pass, 3 passes total",full slot,,18000,1905,,not specified,,,https://community.carbide3d.com/t/feeds-and-speed-compression-bit-with-plywood/46692,practitioner,,implied successful (no chatter/burning mentioned); zeros Z at bottom when cutting through,"Shapeoko, user cnc_aero (Paul Buckland) | 1/8in bit, not 1/4in - included only as a cross-reference data point from the same forum/material family.",2026-10-07
PRA-07,reference,,single straight-flute 1/4in,,,3/4in maple plywood,,0.125in DOC per pass,full slot,,22000,2540,,not specified,,,https://community.carbide3d.com/t/best-depth-of-cut-for-plywood/16301,practitioner,,"very loud, but clean cut; ""I've cut a crap ton of 3/4in plywood this way""","Shapeoko 3 XXL, stock belt-driven Z, user DanoInTx (Dan Nelson) | Older/lighter Shapeoko 3 XXL, not a Pro, and a straight bit not compression - useful as a lower bound on 1/4in-class feed at 0.125in DOC.",2026-10-07
PRA-08,reference,,2-flute 1/4in downcut or straight,,,plywood (type unspecified),,0.125in DOC per pass,full slot,,24000,,,not specified,,,https://community.carbide3d.com/t/best-depth-of-cut-for-plywood/16301,practitioner,,"cuts fine but ""horrendously loud"" even with a spindle instead of router","Shapeoko 3 XXL, stock, Chinese 1.5kW spindle upgrade, user stutaylo | Noise reported as inherent to this feed/speed/DOC combo regardless of router-vs-spindle.",2026-10-07
PRA-09,reference,,1/8in downcut,,,3/4in Baltic birch plywood,,0.060in DOC,not specified,,not specified,1016,,not specified,,,https://community.carbide3d.com/t/baltic-birch-feeds-ans-speeds/53389,practitioner,,stated as poster's standard working setting (no fault reported),"Shapeoko Pro (thread is Shapeoko Pro category), poster unnamed | 1/8in bit, not 1/4in, and no RPM/outcome detail beyond ""I usually do.""",2026-10-07
PRA-10,reference,,3/8in compression,,,"plywood, 0.75in cut depth",,"full 0.75in depth, finishing allowance no more than 1/16in above pockets",finishing/lead-in pass,,not specified,2032,1270,"yes - ""with lead ins""",,,https://community.carbide3d.com/t/feeds-and-speeds-again/102854,practitioner,,"""no problem with .75in cut depth""","Shapeoko 5 Pro thread, poster unnamed | 3/8in bit, not 1/4in.",2026-10-07
PRA-11,reference,,1/4in and larger tooling,,,"""dense plywood""",,"2x bit diameter (stated as ""2xD depth"")","full slot, implied",,not specified,,,not specified,,,https://community.carbide3d.com/t/feeds-and-speeds-again/102854,practitioner,,"reported as reliable over several years, no RPM or failure detail given","Shapeoko-class machine, 80mm aftermarket spindle (larger than Carbide3D's stock VFD kit), poster unnamed, multi-year use | Aggressive 2xD-per-pass claim with an upgraded 80mm spindle; not directly comparable to the stock Shapeoko 5 Pro VFD kit's spindle size without confirming spindle model.",2026-10-07
PRA-12,reference,,"1/4in compression (implied, ""good starting point"")",,,3/4in Baltic birch plywood,,0.25in DOC per pass,not specified,,12500,6985,,not specified,0.2794,,https://www.camheads.org/forum/camaster-machines/stinger-series-cnc-routers/stinger-iii/9579-baltic-birch-feed-and-speed,practitioner,,offered as a good starting point; no failure/success outcome stated,"CAMaster Stinger III (production-class CNC router, not a hobby Shapeoko-class machine) | Different machine class (industrial Stinger III, not hobby/prosumer) - useful only as an upper-bound reference for 1/4in compression chipload on Baltic birch, not a Shapeoko-comparable report.",2026-10-07
PRA-13,reference,,1/4in compression,,,Baltic birch plywood (implied),,not specified,not specified,,12000-13000,6096,,not specified,,,https://www.camheads.org/forum/camaster-machines/stinger-series-cnc-routers/stinger-iii/9579-baltic-birch-feed-and-speed,practitioner,,not stated,CAMaster Stinger III (production-class CNC router) | Same thread/machine-class caveat as above row; a second settings variant posted in the same discussion.,2026-10-07
PRA-14,reference,,1/4in Whiteside up/down compression,,,plywood and oak,,~0.30in DOC per pass,full width,,not specified,,,not specified,,,https://forum.avidcnc.com/t/what-is-an-avid-capable-of-example-feeds-and-speeds/1611,practitioner,,"""I can reliably make ~0.30in DOC passes, full width at 125-150 ipm""","Avid CNC, NEMA34 motors, 4HP spindle, user ""David CNC"" | Avid is a heavier/stiffer gantry than a Shapeoko 5 Pro and runs a 4HP spindle vs the Shapeoko's VFD kit - treat as an upper bound, not a direct transfer.",2026-10-07
PRA-15,reference,,3/8in tooling,,,3/4in Baltic birch plywood,,two passes total (per-pass DOC not given),not specified,,not specified,,,not specified,,,https://forum.avidcnc.com/t/what-is-an-avid-capable-of-example-feeds-and-speeds/1611,practitioner,,"cited as a working cabinet-shop production setting, no fault reported","Avid CNC, NEMA34 motors, 4HP spindle (cabinet-shop reference cited in same thread) | 3/8in bit, not 1/4in; production cabinet-shop context on a 4HP Avid, not a direct Shapeoko-class comparison.",2026-10-07
PRA-16,reference,,1/4in 2-flute,,,plywood (type unspecified),,0.25in DOC,not specified - full slot not confirmed,,18950 (equivalently 12000 at lower feed),,,not specified,0.2794,,https://forum.onefinitycnc.com/t/beginner-speeds-and-feeds/5964,practitioner,,"""I have been running my machine this way for around 3 months everyday no problems""","Onefinity CNC, user JDog | Very aggressive feed/RPM pairing for a 1/4in bit at 0.25in DOC; same 0.011in chipload family as the Stinger III report above. Not clear whether this is a full slot or an adaptive/HSM toolpath.",2026-10-07
PRA-17,reference,,3-flute downcut,,,Baltic birch plywood,,0.125in DOC,not specified,,17000,3302,,not specified,,,https://forum.onefinitycnc.com/t/beginner-speeds-and-feeds/5964,practitioner,,"posted as the setting that prompted the beginner-help thread; specific fault (chatter/burning/etc.) not captured in the retrieved excerpt, but thread context implies a problem being troubleshot","Onefinity CNC, user Nicole (initial/troubleshooting attempt in a beginner-help thread) | Downcut, not compression; included because it is the baseline the thread's troubleshooting is built around. Outcome description is incomplete - treat as a lead, not a confirmed failure mode.",2026-10-07
STD-AM46170K-BIRCH18-PROFILE-FIRST,candidate,T072,"Amana 46170-K 1/4 compression 2FL, 22.2 LOC, 7mm upcut",6.35,2,birch ply 18mm,"profile (first pass, engages downcut)",7.5,6.35,,16000,1905,,953,0.0595,dust_collection_only,"in-house standard: conservative end of MAN-/PRA- overlap, see README",derived,,untested,,2026-10-07
STD-AM46170K-BIRCH18-PROFILE-REST,candidate,T072,Amana 46170-K 1/4 compression 2FL,6.35,2,birch ply 18mm,profile (remaining passes to -18.3),5.4,6.35,,16000,1905,,953,0.0595,dust_collection_only,"in-house standard: conservative end of MAN-/PRA- overlap, see README",derived,,untested,,2026-10-07
STD-AM46170K-BIRCH18-POCKET,candidate,T072,Amana 46170-K 1/4 compression 2FL,6.35,2,birch ply 18mm,"pocket (dados 6, rabbets 9)",3.0,,,16000,1905,,953,0.0595,dust_collection_only,"in-house standard: conservative end of MAN-/PRA- overlap, see README",derived,,untested,,2026-10-07
STD-C3D102-BIRCH18-SPOT,candidate,#102,"Carbide 3D #102 1/8 square 2FL, 12.7 LOC",3.175,2,birch ply 18mm,hole spot 3mm deep at full diameter,1.0,3.175,,18000,914,305,,0.0254,dust_collection_only,"in-house standard: conservative end of MAN-/PRA- overlap, see README",derived,,untested,,2026-10-07
